{"snn_spike_density":0.20345257222652435,"_step":2,"time_data_load":0.002579927444458008,"input_rms":0.9780654907226562,"_wandb":{"runtime":9},"val_loss":4.001768589019775,"epoch":1,"batch_acc":0.06252199929602252,"train_acc":0.03890575501583949,"lr":0.001,"time_model_fwd_bwd":3.007856845855713,"grad_norm":1.8806753158569336,"_timestamp":1.764459303887159e+09,"batch_time":3.0104377269744873,"batch_loss":3.8648548126220703,"rsnn_context_std":1.2373125553131104,"_runtime":9,"rsnn_context_mean":-0.4561316967010498,"val_acc":0.05036078845476945,"train_loss":4.615464687347412}