{"_wandb":{"runtime":11},"time_data_load":0.004603862762451172,"batch_loss":3.6972382068634033,"lr":0.001,"time_model_fwd_bwd":3.6597518920898438,"train_acc":0.040089592133051744,"train_loss":4.511225342750549,"val_acc":0.04966561070045759,"batch_acc":0.06445793734600493,"epoch":1,"batch_time":3.6643588542938232,"rsnn_context_mean":-0.3457680642604828,"_runtime":11,"_timestamp":1.764456484762951e+09,"rsnn_context_std":1.1133785247802734,"grad_norm":215.2587127685547,"_step":2,"snn_spike_density":0.20621542632579803,"input_rms":0.9801620841026306,"val_loss":3.8312292098999023}