{"val_acc":0.05001759943681802,"_step":2,"_wandb":{"runtime":9},"train_loss":4.544379234313965,"input_rms":0.980133056640625,"snn_spike_density":0.2035013884305954,"_runtime":9,"grad_norm":187.2939910888672,"time_data_load":0.002549886703491211,"batch_acc":0.06364396339317142,"epoch":1,"train_acc":0.03988472368884196,"_timestamp":1.764458965002677e+09,"batch_loss":3.7155117988586426,"time_model_fwd_bwd":3.1892330646514893,"batch_time":3.191783905029297,"rsnn_context_std":1.2785061597824097,"val_loss":3.709571123123169,"rsnn_context_mean":-0.6108857989311218,"lr":0.001}