{
  "epoch": 1,
  "balanced_accuracy": 0.5,
  "loss": 0.5575100833719427,
  "accuracy": 0.6363636363636364,
  "test_accuracy": 0.25,
  "f1": 0.4,
  "ece": 0.4447934627532959
}