{
    "noise_stats": {
        "max": 0.9829491376876831,
        "mean": 0.02343348227441311
    },
    "signal_stats": {
        "mean": 0.9842643141746521
    },
    "metrics": {
        "0.01": {
            "tpr": 0.9988031372549019,
            "ci_low": 0.9976470588235294,
            "ci_high": 0.9998039215686274,
            "threshold_mean": 0.25997546315193176
        },
        "0.001": {
            "tpr": 0.9930201960784314,
            "ci_low": 0.989014705882353,
            "ci_high": 0.9966666666666667,
            "threshold_mean": 0.5208179354667664
        },
        "0.0001": {
            "tpr": 0.0,
            "ci_low": 0.0,
            "ci_high": 0.0,
            "status": "Below Resolution"
        }
    },
    "evt_extrapolation": {
        "0.0001": {
            "thr": 4.096751862488339,
            "tpr": 0.0
        },
        "1e-05": {
            "thr": 18.482067134010816,
            "tpr": 0.0
        },
        "1e-06": {
            "thr": 83.24465966368201,
            "tpr": 0.0
        },
        "1e-08": {
            "thr": 1687.4099749808875,
            "tpr": 0.0
        }
    }
}