{
  "epoch": 2,
  "balanced_accuracy": 0.5387867747022677,
  "loss": 0.6237495258450508,
  "accuracy": 0.496875,
  "test_accuracy": 0.5336658358573914,
  "f1": 0.4579710144927537,
  "ece": 0.18315904191753216
}