{"_timestamp":1.764458872042639e+09,"train_loss":4.5372114181518555,"batch_time":3.0824689865112305,"train_acc":0.039154622052094336,"time_model_fwd_bwd":3.079796075820923,"batch_acc":0.0631379795846533,"rsnn_context_mean":-0.4058382213115692,"rsnn_context_std":1.1370586156845093,"snn_spike_density":0.20360109210014343,"val_loss":4.039315700531006,"input_rms":0.9799503684043884,"time_data_load":0.0026710033416748047,"_wandb":{"runtime":10},"lr":0.001,"val_acc":0.049885603660682856,"_step":2,"grad_norm":1.110947790848e+12,"batch_loss":3.7199950218200684,"epoch":1,"_runtime":10}