{
  "epoch": 1,
  "balanced_accuracy": 0.5,
  "loss": 0.6178306309800399,
  "accuracy": 0.6842105263157895,
  "test_accuracy": 0.800000011920929,
  "f1": 0.0,
  "ece": 0.08162657916545868
}