{
  "epoch": 1,
  "balanced_accuracy": 0.524362073596562,
  "loss": 0.819583582431078,
  "accuracy": 0.49,
  "test_accuracy": 0.6259351968765259,
  "f1": 0.22680412371134018,
  "ece": 0.07527595721278107
}